,Itr,ReturnAvg,ReturnStd,ReturnMin,ReturnMax
0,-1,-143.1813552659906,23.836246241942103,-176.1460707709151,-104.04511969534752
